+	Сервисные мануалы Playstation 2	1014	Сервисные мануалы Playstation 2.zip		27007365	960AE093
+	Сервисные мануалы Panasonic 3DO	956	Сервисные мануалы Panasonic 3DO.zip		5352312	93511EE4
+	Ultimate Playstation 2 Repair Guide	732	Ultimate Playstation 2 Repair Guide.pdf		1059616	8B26BC4A
+	Playstation 2 Repair Guide	733	Playstation 2 Repair Guide.pdf		1216765	9450B1D6
+	PlayStation Portable - Руководство по эксплуатации. PSP-1004 к	46	PlayStation Portable. Руководство по эксплуатации.pdf		1432177	303E514D
-	Юниор #8 1997	423	Юниор #8 (1997).pdf		127451321	833E5909
+	Юниор #8 1997		Юниор #8 1997.pdf		46723942	B318C513
-	Юниор #7 1996	417	Юниор #7 (1996).pdf		128688845	33067761
+	Юниор #7 1996		Юниор #7 1996.pdf		51280171	754E4976
-	Юниор #10 1997	424	Юниор #10 (1997).pdf		60341594	A688C7DE
+	Юниор #10 1997		Юниор #10 1997.pdf		32274615	EB9EBA64
+	Страна игр. Сигнальный номер		Страна Игр.Сигнальный. 1995 -150ppi.pdf		39262261	9024FAB6
-	Страна игр. Сигнальный номер	545	Страна игр. Сигнальный номер.djvu		75268573	DEA0D8A6
-	Страна игр. Сигнальный номер	547	Страна игр. Сигнальный номер.pdf		188112534	27DEB0BD
+	Спектромания 1’93	568	Спектромания 1’93.pdf		41565207	FBF9ACDD
+	КомпАс №3.95	409	КомпАс №3.95.pdf		27985200	C3782481
-	КомпАс №2.95	410	КомпАс №2.95.pdf		144468750	8DC41DCA
+	КомпАс №2.95	411	КомпАс №2.95.cbr		97205575	425902B0
-	КомпАс №2.95	588	КомпАс №2.95.7z		278786073	A1A10439
+	Видео-АСС Корона № 7 (1995)	616	Видео-АСС Корона №7 (1995).djvu		76962637	F584910A
+	Видео-АСС Корона № 6 (1995)	653	Видео-АСС Корона №6 (1995).cbr		160851609	549CCA45
-	Видео-АСС Корона № 5 (1995)	618	Видео-АСС Корона №5 (1995).cbr		263399633	BCFE80A7
+	Видео-АСС Корона № 5 (1995)		Видео-Аcc Корона № 05 (1995) Lite.pdf		14310299	899463A5
-	Видео-АСС Корона № 5 (1995)	621	Видео-АСС Корона №5 (1995).pdf		264818098	631B4172
+	Видео-АСС Корона № 3 (1994)	619	Видео-АСС Корона №3 (1994).djvu		25264130	9C853951
+	Видео-АСС Корона № 2 (1994)	615	Видео-АСС Корона №2 (1994).djvu		24800369	C379A325
+	Видео-АСС Корона № 1 (1994)	614	Видео-АСС Корона №1 (1994).djvu		21967423	A6182102
+	ZX-Ревю Украина №2-3 (1996)	515	ZX-Ревю Украина 1996 №2-3.djvu		2338971	89CF4265
+	ZX-Ревю Украина №1 (1996)	514	ZX-Ревю Украина 1996 №1.pdf		6694608	0B78DD45
+	ZX-Ревю 1997 №7-10	726	ZX-Ревю 1997 №7-10.trd		655360	64C43A86
+	ZX-Ревю 1997 №5-6	725	ZX-Ревю 1997 №5-6.trd		655360	DEF45C6B
+	ZX-Ревю 1997 №3-4	516	ZX-Ревю 1997 №3-4.djvu		788482	943FC35F
+	ZX-Ревю 1997 №3-4	718	ZX-Ревю 1997 №3-4.trd		655360	228F351E
+	ZX-Ревю 1997 №11-12	727	ZX-Ревю 1997 №11-12.trd		655360	487041C1
+	ZX-Ревю 1997 №1-2	525	ZX-Ревю 1997 №1-2.pdf		19235203	32D0EA93
+	ZX-Ревю 1996 №9	527	ZX-Ревю 1996 №9.djvu		5168806	0FF5DF67
+	ZX-Ревю 1996 №7-8	526	ZX-Ревю 1996 №7-8.djvu		9636359	67B67A98
+	ZX-Ревю 1996 №6		REVU6_96.ZIP		132217	254F526A
+	ZX-Ревю 1996 №4-5	513	ZX-Ревю 1996 №4-5.pdf		1782632	7BB67590
+	ZX-Ревю 1996 №3	523	ZX-Ревю 1996 №3.pdf		1734125	2F458C4B
+	ZX-Ревю 1996 №1-2	522	ZX-Ревю 1996 №1-2.pdf		2901045	C491D41E
-	ZX-Ревю 1995 №6	505	ZX-Ревю 1995 №6.zip		3670795	8429A34B
+	ZX-Ревю 1995 №6	520	ZX-Ревю 1995 №6.djvu		3055433	AC28B93B
-	ZX-Ревю 1995 №5	504	ZX-Ревю 1995 №5.zip		3609519	B9FB4AAE
+	ZX-Ревю 1995 №5	518	ZX-Ревю 1995 №5.djvu		3386867	3CAD8CAC
-	ZX-Ревю 1995 №4	503	ZX-Ревю 1995 №4.zip		5156843	131A32C8
+	ZX-Ревю 1995 №4	524	ZX-Ревю 1995 №4.pdf		1300816	91D24200
-	ZX-Ревю 1995 №3	502	ZX-Ревю 1995 №3.zip		3384344	C401C650
+	ZX-Ревю 1995 №3	521	ZX-Ревю 1995 №3.djvu		2534891	A3CEF43A
-	ZX-Ревю 1995 №2	501	ZX-Ревю 1995 №2.zip		3310429	9B74B3BA
+	ZX-Ревю 1995 №2	517	ZX-Ревю 1995 №2.djvu		1283028	129CF7D5
-	ZX-Ревю 1995 №1	500	ZX-Ревю 1995 №1.zip		3553538	26FE14FE
+	ZX-Ревю 1995 №1	519	ZX-Ревю 1995 №1.djvu		4710613	35413326
-	ZX-Ревю 1994 №6	499	ZX-Ревю 1994 №6.zip		3465935	9D3DA65C
+	ZX-Ревю 1994 №6	511	ZX-Ревю 1994 №6.pdf		1531663	8FF8E25F
-	ZX-Ревю 1994 №5	498	ZX-Ревю 1994 №5.zip		3385044	0BB129CE
+	ZX-Ревю 1994 №5	510	ZX-Ревю 1994 №5.pdf		1693004	E8B57E7A
-	ZX-Ревю 1994 №4	497	ZX-Ревю 1994 №4.zip		3538996	B4E3A6A0
+	ZX-Ревю 1994 №4	509	ZX-Ревю 1994 №4.pdf		2045371	26E7245D
-	ZX-Ревю 1994 №3	496	ZX-Ревю 1994 №3.zip		3514347	DFAE8264
+	ZX-Ревю 1994 №3	508	ZX-Ревю 1994 №3.pdf		2449097	77A4FF2B
-	ZX-Ревю 1994 №2	495	ZX-Ревю 1994 №2.zip		3849758	0FDAACCE
+	ZX-Ревю 1994 №2	507	ZX-Ревю 1994 №2.pdf		3261619	97B909BD
-	ZX-Ревю 1994 №1	494	ZX-Ревю 1994 №1.zip		3711965	9BB27A0D
+	ZX-Ревю 1994 №1	506	ZX-Ревю 1994 №1.pdf		1318086	19F7959A
-	ZX-Ревю 1993 №9-10	493	ZX-Ревю 1993 №9-10.zip		2518559	DB8A0611
+	ZX-Ревю 1993 №9-10	716	ZX-Ревю 1993 №9-10.pdf		521055	84324FFB
-	ZX-Ревю 1993 №7-8	492	ZX-Ревю 1993 №7-8.zip		2418244	D0FBA820
+	ZX-Ревю 1993 №7-8	714	ZX-Ревю 1993 №7-8.pdf		435287	0D123E4C
+	ZX-Ревю 1993 №7-8	715	ZX-Ревю 1993 №7-8.scl		26679	053F23C2
-	ZX-Ревю 1993 №5-6	491	ZX-Ревю 1993 №5-6.zip		2464125	E0C02C13
+	ZX-Ревю 1993 №5-6	712	ZX-Ревю 1993 №5-6.pdf		382327	19824D0F
+	ZX-Ревю 1993 №5-6	713	ZX-Ревю 1993 №5-6.scl		7209	FD012662
-	ZX-Ревю 1993 №3-4	490	ZX-Ревю 1993 №3-4.zip		2406163	DDD939C7
+	ZX-Ревю 1993 №3-4	710	ZX-Ревю 1993 №3-4.pdf		710316	8590246C
+	ZX-Ревю 1993 №3-4	711	ZX-Ревю 1993 №3-4.scl		24389	B43769D6
-	ZX-Ревю 1993 №11-12	489	ZX-Ревю 1993 №11-12.zip		2591596	BBADD11F
+	ZX-Ревю 1993 №11-12	717	ZX-Ревю 1993 №11-12.pdf		372570	9C7B443E
-	ZX-Ревю 1993 №1-2	706	ZX-Ревю 1993 №1-2.zip		2741195	46C4B058
+	ZX-Ревю 1993 №1-2	707	ZX-Ревю 1993 №1-2.pdf		701247	7DD26D0B
+	ZX-Ревю 1993 №1-12	705	ZX-Ревю 1993 №1-12.pdf		2778076	ADFF803F
-	ZX-Ревю 1993 №1-12	708	ZX-Ревю 1993 №1-12.djvu		10569531	B6958763
-	ZX-Ревю 1993 №1-12	709	ZX-Ревю 1993 №1-12.cbr		303675967	43B45D00
-	ZX-Ревю 1992 №9-10	486	ZX-Ревю 1992 №9-10.zip		2374199	47FB70BA
+	ZX-Ревю 1992 №9-10	700	ZX-Ревю 1992 №9-10.pdf		559026	61730C9B
+	ZX-Ревю 1992 №9-10	701	ZX-Ревю 1992 №9-10.scl		3611	27E5D42A
-	ZX-Ревю 1992 №7-8	485	ZX-Ревю 1992 №7-8.zip		2270956	D6C1CE9A
+	ZX-Ревю 1992 №7-8	698	ZX-Ревю 1992 №7-8.pdf		523911	E6D882CC
+	ZX-Ревю 1992 №7-8	699	ZX-Ревю 1992 №7-8.scl		10295	DE708297
-	ZX-Ревю 1992 №5-6	484	ZX-Ревю 1992 №5-6.zip		2273343	BC17ED8F
+	ZX-Ревю 1992 №5-6	697	ZX-Ревю 1992 №5-6.pdf		422517	4013DBE2
-	ZX-Ревю 1992 №3-4	483	ZX-Ревю 1992 №3-4.zip		2232220	7881F061
+	ZX-Ревю 1992 №3-4	695	ZX-Ревю 1992 №3-4.pdf		410250	2DF2AE8C
-	ZX-Ревю 1992 №3-4	696	ZX-Ревю 1992 №3-4.txt		295422	337CEC8B
-	ZX-Ревю 1992 №11-12	482	ZX-Ревю 1992 №11-12.zip		2321483	4FD43C65
+	ZX-Ревю 1992 №11-12	702	ZX-Ревю 1992 №11-12.pdf		461075	52B4AB4A
-	ZX-Ревю 1992 №1-2	690	ZX-Ревю 1992 №1-2.txt		314442	D34F8868
-	ZX-Ревю 1992 №1-2	691	ZX-Ревю 1992 №1-2.zip		2337954	C723FBFF
+	ZX-Ревю 1992 №1-2	694	ZX-Ревю 1992 №1-2.pdf		470913	9D2BB91A
+	ZX-Ревю 1992 №1-12	685	ZX-Ревю 1992 №1-12.pdf		2427151	833EA5F9
-	ZX-Ревю 1992 №1-12	686	ZX-Ревю 1992 №1-12.djvu		8543161	8F35AE8A
-	ZX-Ревю 1992 №1-12	687	ZX-Ревю 1992 №1-12.cbr		323433686	F101520D
-	ZX-Ревю 1991 №9	479	ZX-Ревю 1991 №9.zip		1213332	22FAE818
+	ZX-Ревю 1991 №9	680	ZX-Ревю 1991 №9.pdf		309073	1B09003F
-	ZX-Ревю 1991 №7-8	478	ZX-Ревю 1991 №7-8.zip		2289105	1C20B08C
+	ZX-Ревю 1991 №7-8	679	ZX-Ревю 1991 №7-8.pdf		517035	72DD6DCB
-	ZX-Ревю 1991 №6	477	ZX-Ревю 1991 №6.zip		1934771	1557FEE1
+	ZX-Ревю 1991 №6	678	ZX-Ревю 1991 №6.pdf		267780	5331C097
-	ZX-Ревю 1991 №4-5	476	ZX-Ревю 1991 №4-5.zip		3267480	4E9713FE
+	ZX-Ревю 1991 №4-5	677	ZX-Ревю 1991 №4-5.pdf		473841	35A607DE
-	ZX-Ревю 1991 №3	475	ZX-Ревю 1991 №3.zip		1606665	562B950E
+	ZX-Ревю 1991 №3	675	ZX-Ревю 1991 №3.pdf		200839	5F6B75B7
+	ZX-Ревю 1991 №3	676	ZX-Ревю 1991 №3.scl		3113	F5EDD6BD
-	ZX-Ревю 1991 №2	474	ZX-Ревю 1991 №2.zip		1627121	55EAE785
+	ZX-Ревю 1991 №2	674	ZX-Ревю 1991 №2.pdf		289887	29B8FB2C
-	ZX-Ревю 1991 №11-12	473	ZX-Ревю 1991 №11-12.zip		2128074	9C185C6C
+	ZX-Ревю 1991 №11-12	682	ZX-Ревю 1991 №11-12.pdf		435097	887F5D4D
-	ZX-Ревю 1991 №10	472	ZX-Ревю 1991 №10.zip		1150192	490B64B0
+	ZX-Ревю 1991 №10	681	ZX-Ревю 1991 №10.pdf		367190	32775951
+	ZX-Ревю 1991 №1-12	668	ZX-Ревю 1991 №1-12.pdf		2627827	BBEE04EE
-	ZX-Ревю 1991 №1-12	669	ZX-Ревю 1991 №1-12.djvu		7797258	EA120374
-	ZX-Ревю 1991 №1-12	670	ZX-Ревю 1991 №1-12.cbr		326660292	F5D92CBF
-	ZX-Ревю 1991 №1	671	ZX-Ревю 1991 №1.zip		1878593	F974E095
+	ZX-Ревю 1991 №1	672	ZX-Ревю 1991 №1.pdf		224628	1412013D
+	ZX-Ревю 1991 №1	673	ZX-Ревю 1991 №1.scl		8987	E107DBB5
+	ZX-Forum 4 (1997)	728	ZX-Forum 4.scl		248133	11F38F50
+	ZX-Forum 3 (1995)	578	ZX-Forum 3.pdf		2269082	D854DD03
+	ZX-Forum 2 (1994)	579	ZX-Forum 2.pdf		4006057	CAE9D51E
+	ZX-Forum 1 (1994)	571	ZX-Forum 1.pdf		2802746	A4C90217
+	VideoИгры #6 '98	773	VideoИгры #6 (1998).pdf		115448318	480D602B
+	VideoИгры #5 '98	775	VideoИгры #5 (1998).pdf		109761007	C389E280
+	VideoИгры #4 '98	774	VideoИгры #4 (1998).pdf		106111546	20DC1A3C
+	VideoИгры #3 '98	772	VideoИгры #3 (1998).pdf		108647805	CBE04B40
+	VideoИгры #2 '98	771	VideoИгры #2 (1998).pdf		109897219	56F47F91
+	VideoИгры #1 '98	770	VideoИгры #1 (1998).pdf		100814761	6F2B62B6
+	TRICKS выпуск 5/95	207	TRICKS. Выпуск 5-95. Пароли, коды и маленькие хитрости для видеоигр.pdf		84983800	1572F9BC
+	TRICKS выпуск 4/95	208	TRICKS. Выпуск 4-95. Пароли, коды и маленькие хитрости для видеоигр.pdf		69629174	B7A45232
+	TRICKS выпуск 3/95	209	TRICKS. Выпуск 3-95. Пароли, коды и маленькие хитрости для видеоигр.pdf		83907353	EFBCD1D5
+	TRICKS выпуск 2/95	210	TRICKS. Выпуск 2-95. Пароли, коды и маленькие хитрости для видеоигр.pdf		86761314	67DF1776
+	TRICKS выпуск 1/95	217	TRICKS. Выпуск 1-95. Пароли, коды и маленькие хитрости для видеоигр.pdf		83302224	835A5B0A
+	TRICKS PC выпуск 1/96	260	TRICKS PC. Выпуск 1-96. PC-игры и пароли.pdf		137357191	C6607FEC
-	Pro Игры №9 1996		PRO Игры № 3 1996.pdf		222639747	E779717E
+	Pro Игры №9 1996	661	Pro Игры №9 (1996).pdf		16290189	BE5E9DEF
-	Pro Игры №8 1996		PRO Игры № 2 1996.pdf		1094660220	D8EE473A
+	Pro Игры №8 1996	659	Pro Игры №8 (1996).pdf		16506473	ED861EE8
+	Pro Игры №7 1996	657	Pro Игры №7 (1996).cbr		105687864	01167075
+	Pro Игры №6 1995	656	Pro Игры №6 (1995).cbr		67036453	2E721DD2
-	Pro Игры №2 1995	560	Pro Игры №2 (1995).cbr		65657645	66943804
+	Pro Игры №2 1995	655	Pro Игры №2 (1995).pdf		30721604	8423E0BF
+	Pro Игры №14 1996	665	Pro Игры №14 (1996).pdf		32595265	31FAFC44
-	Pro Игры №13 1996		PRO Игры № 7 1996.pdf		242411242	F322276F
+	Pro Игры №13 1996	664	Pro Игры №13 (1996).pdf		16404053	E5556634
+	Pro Игры №12 1996	559	Pro Игры №12 (1996).pdf		52479223	7F728944
-	Pro Игры №11 1996	561	Pro Игры №11 (1996).pdf		88377342	0A3B4DA2
+	Pro Игры №11 1996		PRO Игры № 5 [11] [1996].pdf		22882045	B0B79CC7
+	Pro Игры №1 1995	654	Pro Игры №1 (1995).cbr		172390098	916670AE
+	PC-Review: электронные версии	751	PC-REVIEW. Электронные версии.rar		69739729	8C65239A
-	PC-Review 4/94	764	PC-REVIEW №4 (1994).pdf		55117910	76665C10
+	PC-Review 4/94	765	PC-REVIEW №4 (1994).djvu		16610488	9DEE793A
-	PC-Review 3/94	762	PC-REVIEW №3 (1994).pdf		46904872	7741D55E
+	PC-Review 3/94	763	PC-REVIEW №3 (1994).djvu		6245706	3F5BE8C0
-	PC-Review 2/94	760	PC-REVIEW №2 (1994).pdf		49772243	B6C480DA
+	PC-Review 2/94	761	PC-REVIEW №2 (1994).djvu		8278074	05BF3AD3
-	PC-Review 1/94	752	PC-REVIEW №1 (1994).pdf		58037618	3D58B5C5
+	PC-Review 1/94	753	PC-REVIEW №1 (1994).djvu		4499043	FDB029E4
+	PC-Help 5/1996	584	PC-Help 5 (1996).pdf		34809659	58D9C015
+	PC-Help 4/1996	585	PC-Help 4 (1996).pdf		32527302	76967A91
+	PC-Help 3/1996	583	PC-Help 3 (1996).pdf		35247320	15D82BB9
+	PC-Help 2/1996	582	PC-Help 2 (1996).pdf		37649866	5706ED45
+	PC-Help 1/1996	581	PC-Help 1 (1996).pdf		43402828	2F6E4F66
+	Joshua 5 1993 №6	572	Joshua 5 №6 (1993).djvu		1053451	4132469B
+	Joshua 5 1993 №5	573	Joshua 5 №5 (1993).djvu		874584	6CDD4425
+	Joshua 5 1993 №3	574	Joshua 5 №3 (1993).djvu		870332	1347D340
+	Joshua 5 1992 №2	575	Joshua 5 №2 (1992).djvu		820608	7436C9D9
+	Joshua 5 1992 №1	576	Joshua 5 №1 (1992).djvu		823704	306B6E3B
+	Island - игры ZX Spectrum. Версия 0,18	138	Island. Игры ZX Spectrum. Версия 0,18.djvu		756142	FAA43CD1
+	Island - игры ZX Spectrum, версия 22,6	140	Island. Игры ZX Spectrum. Версия 22,6.djvu		807530	385B636A
+	Island - игры ZX Spectrum, версия 17,0	139	Island. Игры ZX Spectrum. Версия 17,0.djvu		1421636	6576CB3A
+	IslEnd - игры ZX Spectrum, версия 8,0	132	IslEnd. Игры ZX Spectrum. Версия 8,0.djvu		2002996	D50B605A
+	IslEnd - игры ZX Spectrum, версия 4,1	133	IslEnd. Игры ZX Spectrum. Версия 4,1.djvu		1189076	358B4E82
+	IslEnd - игры ZX Spectrum, версия 2,0	134	IslEnd. Игры ZX Spectrum. Версия 2,0.djvu		883070	2BBE865D
+	IslEnd - игры ZX Spectrum, версия 15,0	155	IslEnd. Игры ZX Spectrum. Версия 15,0.pdf		7447353	9A51C04E
+	IslEnd - игры ZX Spectrum, версия 0,9	136	IslEnd. Игры ZX Spectrum. Версия 0,9.djvu		467209	7E954808
+	IslEnd - игры ZX Spectrum, версия 0,8	137	IslEnd. Игры ZX Spectrum. Версия 0,8.djvu		539418	F56F112A
+	IslEnd - игры ZX Spectrum, версия 0,10	135	IslEnd. Игры ZX Spectrum. Версия 0,10.djvu		252956	EEBAEB67
+	CD-ROM-Review 1/96	768	CD-ROM-Review №1 (1996).pdf		68532060	B1CDC9FE
+	CD-ROM-Review 1/96	769	CD-ROM-Review №1 (1996).jpg		2021062	3132C251
+	Темное колесо	112	Темное колесо.doc		284160	1456136A
+	Слишком много Магии	563	Слишком много Магии.pdf		647371	6FE19A3E
+	Warlock - прохождение	939	Warlock. Прохождение.doc		29696	16EF964C
+	Toy Story - интересный документ по игре	938	Toy Story. Интересный документ по игре.doc		938496	8B30BC14
+	Top Fighter 2000 MK VIII - Краткое знакомство	937	Top Fighter 2000 MK VIII. Краткое знакомство.doc		684032	F82C6627
+	Tales of Phantasia - Описание, прохождение, секреты и прочее	986	Tales of Phantasia. Описание, прохождение, секреты и прочее.doc		1020416	78813791
-	Tales of Phantasia - Описание, прохождение, секреты и прочее	987	Tales of Phantasia. Описание, прохождение, секреты и прочее.rtf		1013760	D526378C
+	Syndicate - Подробнее об игре	985	Syndicate. Подробнее об игре.doc		392704	37285928
+	Sunset Riders - Полное описание и прохождение	936	Sunset Riders. Полное описание и прохождение.doc		77824	88C51D51
+	Streets of Rage III - Полнейшее описание игры	935	Streets of Rage III. Полнейшее описание игры.doc		465920	94CC02A2
+	Streets of Rage - Описание+прохождение игры	934	Streets of Rage. Описание+прохождение игры.doc		386048	790ED3A1
+	Stargate - Самое полное прохождение	933	Stargate. Самое полное прохождение.rar		65311	12813FD4
+	Star Trek: The Next Generation - Подробнее об игре	984	Star Trek. The Next Generation - Подробнее об игре.doc		543232	35C021E5
+	Star Trek: Deep Space 9 - Crossroads of Time - Подробнее об игре	983	Star Trek. Deep Space 9 - Crossroads of Time - Подробнее об игре.doc		468480	631CA331
+	Star Gate - Подробнее об игре	982	Star Gate. Подробнее об игре.doc		656896	2BAFF452
+	Shadowrun - детально v2.0	932	Shadowrun. Детально v2.0.txt		110160	5884DA93
+	Shadowrun - Сравнительное описание игры и полное прохождение	981	Shadowrun. Сравнительное описание игры и полное прохождение.doc		1233920	4D623604
+	Shadowrun - Руководство по прохождению	931	Shadowrun. Руководство по прохождению.doc		101888	FAE44A30
+	Scooby Doo Mystery - Руководство по прохождению	930	Scooby Doo Mystery. Руководство по прохождению.doc		91648	835BC993
+	Rockin' Kats. Описание	853	Rockin' Kats. Описание.doc		179200	4ED03924
+	Rings of Power - Гениальнейшее описание	929	Rings of Power. Гениальнейшее описание.doc		1234432	1DEBDB3B
+	Prince of Persia - Полное прохождение	928	Prince of Persia. Полное прохождение.doc		102912	E57A6E9B
+	Pirates of Dark Water - Полнейшее описание и прохождение игры	980	Pirates of Dark Water. Полнейшее описание и прохождение игры.doc		900096	1F38F067
+	Pirates Gold! - для новичков	927	Pirates Gold! Для новичков.doc		33792	2CA0B2EE
+	Pirates Gold! - Подробнейшее описание игры	926	Pirates Gold! Подробнейшее описание игры.doc		40960	B77EECB6
+	Phantasy Star II - полное описание	925	Phantasy Star II. полное описание.doc		4866048	9ECE652B
+	Operation Europe - полное описание игры	924	Operation Europe. Полное описание игры.doc		1757696	41A29C88
+	Nosferatu - Самое полное описание и прохождение игры, боссы + пароли	979	Nosferatu. Самое полное описание и прохождение игры, боссы + пароли.doc		638464	598E5B71
+	Nightmare on Elm Street	852	Nightmare on Elm Street. Описание Кошмаров на Улице Вязов.doc		5106688	8A15894D
+	Millidor	463	Millidor.pdf		13996010	876FC07C
+	Mask, The - Прохождение игры	978	Mask, The. Прохождение игры.doc		120832	56E7A37B
+	Light Crusader - Руководство по прохождению игры	923	Light Crusader. Руководство по прохождению игры.rar		1495523	AF719DB2
+	Jurassic Park: Rampage Edition - Краткое знакомство	922	Jurassic Park Rampage Edition. Краткое знакомство.doc		2194432	6497737C
+	Jurassic Park - Полное описание и прохождение	921	Jurassic Park. Полное описание и прохождение.doc		564736	9956F0FE
+	Immortal - Полное описание и прохождение	920	Immortal. Полное описание и прохождение.doc		78336	A7C08CCD
+	Genghis Khan II - Описание концепции игры	919	Genghis Khan II. Описание концепции игры.doc		861696	3CD4CE36
+	Forgotten Worlds - Краткое знакомство	918	Forgotten Worlds. Краткое знакомство.doc		254976	414BC8E2
+	Flying Nightmares	859	Flying Nightmares.pdf		14645644	86BDCD52
+	Flashback - прохождение	916	Flashback. Прохождение.doc		28672	DEA87F91
+	Flashback - Фантастическое прохождение игры	977	Flashback. Фантастическое прохождение игры.doc		318464	A1FDDA90
+	Flashback - Overview	917	Flashback. Overview.doc		242176	ECC054F0
+	Fatal Labyrinth - Полное описание и прохождение	915	Fatal Labyrinth. Полное описание и прохождение.doc		145920	D9BDB8BB
+	D - описание, прохождение и картинки мистической адвенчуры "D"	790	D.doc		919552	C04FCBFA
+	Commandos - Подробное описание Commandos + прохождение	914	Commandos. Подробное описание Commandos + прохождение.doc		322560	90E3F73D
+	Cannon Fodder - Полное описание и прохождение игры	913	Cannon Fodder. Полное описание и прохождение игры.doc		196608	373B15D2
+	Cannon Fodder - Подробнее об игре	976	Cannon Fodder. Подробнее об игре.doc		656896	ED42FEF6
+	Beyond Oasis - Руководство по прохождению игры	912	Beyond Oasis. Руководство по прохождению игры.rar		289097	4D45AE9D
+	Beavis and Butthead - Руководство по прохождению игры	911	Beavis and Butthead. Руководство по прохождению игры.doc		92160	66C14389
+	Battletech - Руководство по прохождению игры	909	Battletech. Руководство по прохождению игры.doc		342528	7D22B03E
+	Battletech - Подробные карты местности	910	Battletech. Подробные карты местности.cbr		122480	CC226531
+	Axelay - Подробнее об игре	975	Axelay. Подробнее об игре.doc		1605120	1490DE05
+	Alcahest - Самое полное прохождение игры!	962	Alcahest. Самое полное прохождение игры!.doc		54272	35939BBF
+	Эмулятор aGBe	861	Эмулятор aGBe.doc		114176	CD1DCC51
+	Эмулятор Dolphin	863	Эмулятор Dolphin.doc		66048	6DB0EEDD
+	Справка эмулятора Nestopia (версия 1.09)	858	Справка эмулятора Nestopia (версия 1.09).doc		60416	A1CC6DED
+	Справка по эмулятору Fusion 3.63	876	Справка по эмулятору Fusion 3.63.doc		76288	60DC00A2
+	Краткая документация по Osmose	960	Краткая документация по Osmose.doc		50688	BFD1C0C9
+	PCSX2 - Настройка и запуск эмулятора	954	PCSX2 - Настройка и запуск эмулятора.doc		41472	A212F76C
+	ImbNES FAQ 0.4.2	857	ImbNES FAQ 0.4.2.doc		136704	00B1FB10
+	Технические характеристики Nintendo 64	942	Технические характеристики Nintendo 64.doc		114176	BA31333E
+	САМ 1'97	23	САМ 1'97.djvu		2493425	1FA8DD45
+	Радиолюбитель 10/1994	24	Радиолюбитель 1994-10.djvu		2595312	F7CF727B
+	Подключение джойстиков к ПК	842	Подключение джойстиков к ПК.doc		5486080	5217D024
+	Поддержка игр эмуляторами Nintendo 64	941	Поддержка игр эмуляторами Nintendo 64.doc		924672	D8A04041
+	Подборка журналов Радио со статьями о древних телеприставках	839	Подборка журналов Радио со статьями о древних телеприставках.zip		106903830	8AF1B226
+	Подборка журналов Радио со статьями о Денди	838	Подборка журналов Радио со статьями о Денди.zip		20765582	F8B5A13A
+	Подборка журналов Радио со статьями о ZX Spectrum	835	Подборка журналов Радио со статьями о ZX Spectrum.zip		30783521	813EC78C
+	Подборка журналов Радио со статьями о Sony PlayStation	834	Подборка журналов Радио со статьями о Sony PlayStation.zip		36553656	B78D0678
+	Подборка журналов Радио со статьями о Sega MegaDrive	837	Подборка журналов Радио со статьями о Sega MegaDrive.zip		33362541	ABEECABE
+	Подборка журналов Радио со статьями о Nintendo 64	832	Подборка журналов Радио со статьями о Nintendo 64.zip		9675773	C7B1A7BE
+	Подборка журналов Радио со статьями о Dreamcast	831	Подборка журналов Радио со статьями о Dreamcast.zip		14218127	6D18FC3E
+	Подборка журналов Радио с околоприставочными статьями	829	Подборка журналов Радио с околоприставочными статьями.zip		11674724	2AF5A4D3
+	О запуске игр Sega SC-3000 и SF-7000	958	О запуске игр Sega SC-3000 и SF-7000.doc		33792	549FD588
+	Микропроцессор 6502	849	Микропроцессор 6502.txt		85298	FC8E40DC
+	Информация о ROM'ах Nintendo 64	944	Информация о ROM'ах Nintendo 64.doc		45056	38E129A9
+	Журнал Радио со статьёй о PlayStation 2	830	Журнал Радио со статьёй о PlayStation 2.djvu		3323380	6FE6FFE9
+	Глоссарий Nintendo 64	943	Глоссарий Nintendo 64.doc		200704	AB74F3F0
+	Вечный картридж для Sega MegaDrive II	875	Вечный картридж для Sega MegaDrive II.pdf		313907	8D4212D0
+	Введение в эмуляцию Nintendo 64	940	Введение в эмуляцию Nintendo 64.doc		72704	B929B976
+	Архитектура и программирование Dendy	840	Архитектура и программирование Dendy.pdf		1074452	14EB6AAD
-	Архитектура и программирование Dendy	841	Архитектура и программирование Dendy.chm		650893	C24CB6A3
+	Sega Tech v.1.5	864	Sega Tech v.1.5.doc		2152960	83E52E6C
+	Sega Genesis Hardware Internals	866	Sega Genesis Hardware Internals.txt		16622	5D17793C
+	SNES Tutorial/Reference Infobase rev. 1.50	993	SNES Tutorial-Reference Infobase rev. 1.50.zip		460290	B27F6A33
+	SNES Documentation Plus DMA Revision 6 (2.1)		SNES Graphics Information.htm		79666	11AC0D86
+	SEGA в картинках	865	SEGA в картинках.rar		25420	3FEDF752
+	ROM COPIER PLANS V1.00	874	ROM COPIER PLANS V1.00.rar		373363	AA7A7950
+	Programming that 8-bit beast of power, the NES	843	Programming that 8-bit beast of power, the NES.zip		291432	FBE4A637
+	Processor 65816	994	Processor 65816.zip		49472	D3DF7F08
+	Nintendo Entertainment System documentation v.2.0	845	Nintendo Entertainment System documentation v.2.0.txt		67402	B858E18B
+	Nintendo Entertainment System documentation v.2.0	846	Nintendo Entertainment System documentation v.2.0.doc		162816	C5CCEDF5
+	MC680x0 Reference 1.1	872	MC680x0 Reference 1.1.rar		154450	38B02D99
+	MC68000	870	MC68000.doc		199680	EC17561B
+	How to program the Sega Genesis/Mega Drive		SEGAPROG.FAQ		73443	FFFFFFFFFF34078A
+	Genesis Technical Overview	867	Genesis Technical Overview.txt		1989	6CBDE835
+	GameSite's Genesis Programming Tutorial	868	GameSite's Genesis Programming Tutorial.rar		10332	A8CE1322
+	GTE Microcircuits G65SC802 / G65SC816 CMOS 8/16-Bit Microprocessor Family		65c816.txt		93139	AC7E60E4
+	68k asm tutorial: ver 1.6	871	68k asm tutorial - ver 1.6.rar		89984	EBA47E38
+	68000 Instruction Set	873	68000 Instruction Set.txt		10107	C7A895C5
+	65816 Programming Primer	995	65816 Programming Primer.zip		29335	89B52829
+	Комикс по мотивам Banjo-Kazooie (Nintendo 64)	949	Banjo-Kazooie.cbr		4179776	B1B2CE34
+	Yoshi's Story Comics	952	Yoshi's Story Comic.cbr		6870458	E09FFB10
+	Umihara Kawase Vol. 1	1013	Umihara Kawase Vol. 1.cbr		64174155	E2B3DD68
+	The Legend of Zelda Ocarina of Time Comics	950	Legend of Zelda, The - Ocarina of Time.cbr		3685957	AF64E820
+	The Legend of Zelda Comics	854	Legend of Zelda, The.cbr		3543578	FF075155
+	Terranigma Comics	1012	Terranigma Comic.cbr		7856473	15E28433
+	Super Metroid: Round and Round (Manga)	1010	Super Metroid - Round and Round (Manga).cbr		8478287	42996DF7
+	Super Metroid Comics	1011	Super Metroid.cbr		12345139	54DB56E1
+	Super Mario World 2: Yoshi's Island Comics	1009	Super Mario World 2 - Yoshi's Island.cbr		5226257	3DCBA06D
+	Super Mario Bros. Comics	856	Super Mario Bros..cbr		3170822	23C4DE6F
+	Star Fox (Lylat Wars) Comics	951	Star Fox (Lylat Wars) Comic.cbr		8276356	C2F2752A
+	Lufia II Rise of the Sinistrals Comics	1008	Lufia II Rise of the Sinistrals Comic.cbr		7742935	CD1E0457
+	Legend of Zelda, The - A Link to the Past Comix	1007	Legend of Zelda, The - A Link to the Past.cbr		20272313	F345BD06
+	Kirby’s Comic	1006	Kirby’s Comic.cbr		7239266	E5BBA07A
+	Killer Instinct Special #3: Brothers	1005	Killer Instinct Special #3. Brothers.cbr		11448282	434BAC51
+	Killer Instinct Special #2: Fire and Ice	1004	Killer Instinct Special #2. Fire and Ice.cbr		12051452	18F4C6BB
+	Killer Instinct Special #1: Tiger Fury	1003	Killer Instinct Special #1. Tiger Fury.cbr		12292666	888223E2
+	Killer Instinct Nintendo Power Exclusive Edition	999	Killer Instinct Nintendo Power Exclusive Edition.cbr		6857538	C0A48D05
+	Killer Instinct #3: The Price of Freedom	1002	Killer Instinct #3. The Price of Freedom.cbr		13062523	B0E24ADC
+	Killer Instinct #2: Tiger Bomb	1001	Killer Instinct #2. Tiger Bomb.cbr		18217024	85A44174
+	Killer Instinct #1: Enemy of my Enemy	1000	Killer Instinct #1. Enemy of my Enemy.cbr		15197990	B8E65718
+	Donkey Kong Country 2: Diddy's Kong Quest Comics	998	Donkey Kong Country 2 - Diddy's Kong Quest Comics.cbr		9959775	131A1760
-	Энциклопедия лучших игр для IBM PC. Выпуск 2	205	Энциклопедия лучших игр для IBM PC. Выпуск 2.djvu		48529482	F17C34D4
+	Энциклопедия лучших игр для IBM PC. Выпуск 2	376	Энциклопедия лучших игр для IBM PC. Выпуск 2.pdf		233154041	B6389120
+	Энциклопедия лучших игр Sega. Выпуск 9 (2003)	361	Энциклопедия лучших игр SEGA. Выпуск 9 (2003).djvu		16852959	1958AFBC
+	Энциклопедия лучших игр Sega. Выпуск 8 (2001)	360	Энциклопедия лучших игр SEGA. Выпуск 8 (2001).djvu		8257097	3023FB2A
+	Энциклопедия лучших игр Sega. Выпуск 7 (2003)	359	Энциклопедия лучших игр SEGA. Выпуск 7 (2003).djvu		11288924	B4C659AF
+	Энциклопедия лучших игр Sega. Выпуск 6 (2003)	358	Энциклопедия лучших игр SEGA. Выпуск 6 (2003).djvu		15058658	182E567B
-	Энциклопедия лучших игр Sega. Выпуск 5 (2003)	363	Энциклопедия лучших игр SEGA. Выпуск 5 (2003).djvu		19053891	76158EE4
+	Энциклопедия лучших игр Sega. Выпуск 5 (2003)		Entsiklopedia_luchshikh_igr_Sega_Vypusk_5.djvu		17784769	FFFFFFFFD4493EE2
+	Энциклопедия лучших игр Sega. Выпуск 4 (2001)	357	Энциклопедия лучших игр SEGA. Выпуск 4 (2001).djvu		19978730	87A665B6
+	Энциклопедия лучших игр Sega. Выпуск 3 (2002)	356	Энциклопедия лучших игр SEGA. Выпуск 3 (2002).djvu		20388467	C380ECAE
+	Энциклопедия лучших игр Sega. Выпуск 2 (2003)	362	Энциклопедия лучших игр SEGA. Выпуск 2 (2003).djvu		11373344	82960E22
+	Энциклопедия лучших игр Sega. Выпуск 10 (2004)	355	Энциклопедия лучших игр SEGA. Выпуск 10 (2004).djvu		19172588	BB7F51C3
+	Энциклопедия лучших игр Sega. Выпуск 1 (2002)		5000 кодов, паролей, секретов для Sega MegaDrive - энциклопедия лучших игр выпуск 1.djvu		23904398	02D5EC59
-	Энциклопедия лучших игр Sega. Выпуск 1 (2002)	415	Энциклопедия лучших игр Sega. Выпуск 1 (2002).djvu		29680580	EECE25D1
-	Энциклопедия лучших игр Dendy. Выпуск 4	11	Энциклопедия лучших игр Dendy. Выпуск 4.pdf		97170820	C77EE502
+	Энциклопедия лучших игр Dendy. Выпуск 4	404	Энциклопедия лучших игр Dendy. Выпуск 4.djvu		81368563	7882E17C
+	Энциклопедия лучших игр Dendy. Выпуск 3	168	Энциклопедия лучших игр Dendy. Выпуск 3.djvu		32235240	23C66CF3
-	Энциклопедия лучших игр Dendy. Выпуск 3	169	Энциклопедия лучших игр Dendy. Выпуск 3.pdf		127919194	A71788CD
-	Энциклопедия лучших игр Dendy. Выпуск 2	13	Энциклопедия лучших игр Dendy. Выпуск 2.pdf		99196218	93D2B659
+	Энциклопедия лучших игр Dendy. Выпуск 2	403	Энциклопедия лучших игр Dendy. Выпуск 2.djvu		89392127	6047C86B
-	Энциклопедия лучших игр Dendy. Выпуск 1	14	Энциклопедия лучших игр Dendy. Выпуск 1.pdf		100321206	098A37AF
+	Энциклопедия лучших игр Dendy. Выпуск 1	402	Энциклопедия лучших игр Dendy. Выпуск 1.djvu		85349132	27FF923F
+	Энциклопедия компьютерных игр. Выпуск 6	188	Энциклопедия компьютерных игр. Выпуск №6.pdf		126361538	DB20F148
+	Энциклопедия компьютерных игр. Выпуск 5	191	Энциклопедия компьютерных игр. Выпуск №5.pdf		130506358	0EE74C66
+	Энциклопедия компьютерных игр. Выпуск 4	190	Энциклопедия компьютерных игр. Выпуск №4.pdf		135011939	775E4FFD
+	Энциклопедия компьютерных игр. Выпуск 3	194	Энциклопедия компьютерных игр. Выпуск №3.pdf		71117097	15404F71
+	Энциклопедия компьютерных игр. Выпуск 2	189	Энциклопедия компьютерных игр. Выпуск №2.pdf		69579612	A8A718E5
+	Энциклопедия компьютерных игр. Выпуск 1	193	Энциклопедия компьютерных игр. Выпуск №1.pdf		43994729	04C9BF97
+	Энциклопедия компьютерных игр - 9	310	Энциклопедия компьютерных игр 9.djvu		7917513	609FF665
-	Энциклопедия компьютерных игр - 9	437	Энциклопедия компьютерных игр 9.pdf		126823247	32E9AE6A
-	Энциклопедия компьютерных игр - 9		Folio_eki_vol9-300-LQ.pdf		88743934	550BEE56
+	Энциклопедия компьютерных игр - 8	311	Энциклопедия компьютерных игр 8.djvu		7438299	DCE78C5D
-	Энциклопедия компьютерных игр - 8	436	Энциклопедия компьютерных игр 8.pdf		139534591	828E01F7
-	Энциклопедия компьютерных игр - 8		Folio_eki_vol8-300-LQ.pdf		88533921	6B75CA97
+	Энциклопедия компьютерных игр - 7	305	Энциклопедия компьютерных игр 7.djvu		7679775	ED72A7EE
-	Энциклопедия компьютерных игр - 7	435	Энциклопедия компьютерных игр 7.pdf		144722121	7A9728EF
-	Энциклопедия компьютерных игр - 7		Folio_eki_vol7-300-LQ.pdf		90130391	92A48F07
+	Энциклопедия компьютерных игр - 6	306	Энциклопедия компьютерных игр 6.djvu		7916886	C423B395
-	Энциклопедия компьютерных игр - 6	434	Энциклопедия компьютерных игр 6.pdf		137468748	E676B2C5
-	Энциклопедия компьютерных игр - 6		Folio_eki_vol6-300-LQ.pdf		92418452	57290120
+	Энциклопедия компьютерных игр - 5	303	Энциклопедия компьютерных игр 5.djvu		8457180	131FAAA4
-	Энциклопедия компьютерных игр - 5	433	Энциклопедия компьютерных игр 5.pdf		153521700	836E636E
-	Энциклопедия компьютерных игр - 5		Folio_eki_vol5-300-LQ.pdf		89375357	44066D49
+	Энциклопедия компьютерных игр - 4	304	Энциклопедия компьютерных игр 4.djvu		8993124	5782A804
-	Энциклопедия компьютерных игр - 4	432	Энциклопедия компьютерных игр 4.pdf		117348382	FEC028C0
-	Энциклопедия компьютерных игр - 4		Folio_eki_vol4-300-LQ.pdf		89593649	F2E09782
+	Энциклопедия компьютерных игр - 3	308	Энциклопедия компьютерных игр 3.djvu		10859660	E838F623
-	Энциклопедия компьютерных игр - 3	431	Энциклопедия компьютерных игр 3.pdf		127512636	9EBE6E8E
-	Энциклопедия компьютерных игр - 3		Folio_eki_vol3-300 LQ.pdf		94437571	A3CFED20
+	Энциклопедия компьютерных игр - 2	309	Энциклопедия компьютерных игр 2.djvu		10924403	C0303DD2
-	Энциклопедия компьютерных игр - 2	430	Энциклопедия компьютерных игр 2.pdf		63992989	7DDDC062
-	Энциклопедия компьютерных игр - 2		Folio_eki_vol2-300-LQ.pdf		93385367	B367CD3D
+	Энциклопедия компьютерных игр - 15	301	Энциклопедия компьютерных игр 15.djvu		11891790	892154D5
-	Энциклопедия компьютерных игр - 15	383	Энциклопедия компьютерных игр 15.pdf		46120725	283A3D8B
+	Энциклопедия компьютерных игр - 14	302	Энциклопедия компьютерных игр 14.djvu		11581988	67EBCF27
-	Энциклопедия компьютерных игр - 14	382	Энциклопедия компьютерных игр 14.pdf		63956406	095F6E2A
+	Энциклопедия компьютерных игр - 13	297	Энциклопедия компьютерных игр 13.djvu		10991522	2D802832
-	Энциклопедия компьютерных игр - 13	381	Энциклопедия компьютерных игр 13.pdf		48945881	BBF3F33F
+	Энциклопедия компьютерных игр - 12	298	Энциклопедия компьютерных игр 12.djvu		10098687	33936AB5
-	Энциклопедия компьютерных игр - 12	380	Энциклопедия компьютерных игр 12.pdf		52319556	AAAA0342
+	Энциклопедия компьютерных игр - 11	299	Энциклопедия компьютерных игр 11.djvu		11478960	63FABDB3
-	Энциклопедия компьютерных игр - 11	379	Энциклопедия компьютерных игр 11.pdf		56763108	B109C768
+	Энциклопедия компьютерных игр - 10	300	Энциклопедия компьютерных игр 10.djvu		11921228	FA8C4DDD
-	Энциклопедия компьютерных игр - 10	378	Энциклопедия компьютерных игр 10.pdf		63837505	A6365E4E
+	Энциклопедия компьютерных игр	307	Энциклопедия компьютерных игр.djvu		32183732	157CD229
-	Энциклопедия компьютерных игр	377	Энциклопедия компьютерных игр.pdf		174048855	14FFC42D
+	Энциклопедия кодов и паролей для PS2	15	Энциклопедия кодов и головоломок для PS2.pdf		77720286	730DDE76
+	Энциклопедия кодов PlayStation. Издание 3, дополненное	54	Энциклопедия кодов PlayStation. Издание 3, дополненное.pdf		99095332	EDB0149E
+	Энциклопедия игр для Dreamcast. Издание четвертое, дополненное	237	Большая энциклопедия Dreamcast. 1999-2002 г. Издание четвертое, дополненное.pdf		263957061	19919527
+	Энциклопедия игр Sega. 100000 секреты, коды, пароли (2005)	329	Энциклопедия лучших игр SEGA. 100000. Полный комплект (2005).pdf		168146284	8DE4226C
+	Электронные автоматы и игры	103	Электронные автоматы и игры.djvu		3325854	9D38BDAC
+	ЭВМ - игра и творчество	104	ЭВМ - игра и творчество.djvu		2434710	CF9E96D7
+	Хит-обзор'96	638	Хит-обзор'96.pdf		89162372	CAB74F63
+	ХАКЕРЫ, Герои Компьютерной Революции	16	ХАКЕРЫ, Герои Компьютерной Революции.pdf		3120654	7BD8B300
+	Увлекательные игры на бытовом компьютере	113	Увлекательные игры на бытовом компьютере.djvu		6037196	71B484FE
+	Только новые игры IBM PC. Выпуск 1	287	Только новые игры IBM PC. Выпуск 1.cbr		192104624	39EAEE4D
+	Тайники ZX и как установить вечную жизнь	114	Тайники ZX и как установить вечную жизнь.djvu		2289575	2000D640
-	Тайники ZX и как установить вечную жизнь	449	Тайники ZX и как установить вечную жизнь.jpg		281122	C98129AC
+	Тайники ZX SPECTRUM и вечная жизнь в 600 играх	131	Тайники и вечная жизнь в 600 играх ZX SPECTRUM.pdf		460676	EE0A007A
-	Страна игр. Специальный выпуск: Проклятые Земли #1(5) 2000	460	Страна игр. Специальный выпуск. Проклятые Земли #1(5) 2000.cbr		9998611	38392762
-	Страна игр. Специальный выпуск: Проклятые Земли #1(5) 2000	557	Страна игр. Специальный выпуск. Проклятые Земли #1(5) 2000.djvu		73716262	18DF97B7
-	Страна игр. Специальный выпуск: Проклятые Земли #1(5) 2000	558	Страна игр. Специальный выпуск. Проклятые Земли #1(5) 2000.pdf		373955392	24680B9A
+	Страна игр. Специальный выпуск: Проклятые Земли #1(5) 2000		Страна Игр.Спец #5. Проклятые Земли. 2000 -150ppi.pdf		82727784	70BE6724
-	Страна игр. Специальный выпуск: Проклятые Земли #1(5) 2000		Спецвыпуск Страны Игр.djvu		110672847	5DA49E89
+	Страна игр. Специальный выпуск: Завоевание Америки #2(10) 2002		Страна Игр.Спец #02(10) ноябрь 2002. Завоевание америки -150ppi.pdf		61941055	15C3B0A8
-	Страна игр. Специальный выпуск: Завоевание Америки #2(10) 2002	549	Страна игр. Специальный выпуск. Завоевание Америки #2(10) 2002.djvu		72006305	819B8B0E
-	Страна игр. Специальный выпуск: Завоевание Америки #2(10) 2002	550	Страна игр. Специальный выпуск. Завоевание Америки #2(10) 2002.pdf		276332577	E510E5DF
+	Страна игр. Специальный выпуск: Герои Меча и Магии 3 #1(1) 1999	462	Страна игр. Специальный выпуск. Герои Меча и Магии 3 #1(1) 1999.pdf		137385158	EB546873
+	Страна игр. Специальный выпуск: Jagged Alliance 2 #3(3) 1999		Страна Игр.Спец #3. Jagged Alliance 2. 1999 -150ppi.pdf		53076331	20F1CBA3
-	Страна игр. Специальный выпуск: Jagged Alliance 2 #3(3) 1999	552	Страна игр. Специальный выпуск. Jagged Alliance 2 #3(3) 1999.djvu		54948276	6710D6A9
-	Страна игр. Специальный выпуск: Jagged Alliance 2 #3(3) 1999	553	Страна игр. Специальный выпуск. Jagged Alliance 2 #3(3) 1999.pdf		319259526	EDEB31FA
+	Страна игр. Специальный выпуск: Command & Conquer: Tiberian Sun #4(4) 1999	459	Страна игр. Специальный выпуск. Command & Conquer - Tiberian Sun #4(4) 1999.djvu		9628554	DBC8F68F
+	Страна игр DENDY. 9000 описаний и секретов	55	9000 описаний и секретов DENDY.pdf		81210651	E913A54F
+	Страна игр DENDY. 7000 описаний и секретов	59	7000 описаний и секретов DENDY.pdf		38968514	2892FE88
+	Страна PlayStation/Большая книга кодов. Издание 10, дополненное	627	Страна PlayStation. Большая книга кодов. Издание 10, дополненное.djvu		9509290	D74B107A
-	Страна PlayStation/Большая книга кодов. Издание 10, дополненное	628	Страна PlayStation. Большая книга кодов. Издание 10, дополненное.jpg		233286	6A1C5616
+	Страна PlayStation/Большая книга кодов	26	Страна PlayStation. Большая книга кодов.pdf		48491817	821CB2BB
+	Страна PlayStation/Большая книга квестов. Издание 5. Стереотипное. Полные прохождения, стратегия, секреты, полезные советы	238	Страна PlayStation. Большая книга квестов. Издание 5.djvu		5824816	BCEDFA4A
+	Страна PlayStation/TRICKS Gold. SEGA 14000 Описаний и секретов	61	Страна PlayStation. TRICKS Gold. SEGA. 14000 описаний и секретов.pdf		47352091	61D47997
+	Страна PlayStation/TRICKS Gold. Game Boy Advance 500 игр. Коды, пароли, секреты	337	Страна PlayStation. TRICKS Gold. Game Boy Advance 500 игр.pdf		129699239	C8CE420D
+	Страна PlayStation/TRICKS Gold Секреты 20	262	Страна PlayStation. TRICKS Gold. Секреты #20.cbr		120524206	7EB8F690
-	Страна PlayStation/TRICKS Gold Секреты 15	455	Страна PlayStation. TRICKS Gold. Секреты #15.docx		1931858	15A5AD9E
+	Страна PlayStation/TRICKS Gold Секреты 15	456	Страна PlayStation. TRICKS Gold. Секреты #15.djvu		5043719	43BE6B0B
+	Страна PlayStation/TRICKS Gold 2003 29	251	Страна PlayStation. TRICKS Gold 2003 #29.pdf		59204691	94124240
+	Страна PlayStation/TRICKS Gold 2003 28	271	Страна PlayStation. TRICKS Gold 2003 #28.pdf		57913866	E1C017EB
+	Страна PlayStation/TRICKS Gold 2002 22	17	Страна PlayStation. TRICKS Gold 2002 #22.djvu		4909062	97AB7AD5
+	Страна PlayStation/TRICKS Gold 2001 6	651	Страна PlayStation. TRICKS Gold 2001 #6.cbr		206433434	BF7A7EB9
+	Страна PlayStation/TRICKS Gold 2000 10	259	Страна PlayStation. TRICKS Gold 2000 #10.djvu		4925638	C12CD0D8
+	Страна PlayStation/TRICKS Gold 1999 5(13)	99	Страна PlayStation. TRICKS Gold 1999 #5(13).pdf		204943497	E0ABD991
+	Страна PlayStation 2/TRICKS Gold PS2. Выпуск 5	19	Страна PlayStation 2. TRICKS Gold PS2. Выпуск #5.pdf		49345118	67C0B023
+	Страна Dreamcast/Большая книга кодов и хинтов	270	Страна Dreamcast. Большая книга кодов и хинтов.djvu		19411147	B9DF6737
+	Страна Dreamcast/TRICKS Gold 12	276	Страна Dreamcast. TRICKS Gold #12.pdf		77964447	69FB6A44
+	Страна Dreamcast/TRICKS Gold 1	240	Страна Dreamcast. TRICKS Gold #1.pdf		58803795	5FE51C3E
+	Советы и подсказки к играм на IBM PC · Hint for Hot Hits (2-е издание)	636	Советы и подсказки к играм для IBM PC. Издание 2.pdf		102825520	14E7919D
-	Советы и подсказки к играм для IBM PC · Hint for Hot Hits	784	Советы и подсказки к играм для IBM PC. Hint for Hot Hits.pdf		22609430	E79A5403
+	Советы и подсказки к играм для IBM PC · Hint for Hot Hits	785	Советы и подсказки к играм для IBM PC. Hint for Hot Hits.djvu		4248794	914E605A
+	Секреты, коды, пароли для Game Boy от А до Я	288	Game Boy Advance, Color от А до Я.djvu		2086382	6DDB681A
+	Секреты игровых приставок Nintendo DS и Wii	18	Секреты игровых приставок Nintendo DS и Wii.pdf		14081937	8E30E95E
+	Секреты игровой приставки Xbox 360	28	Секреты игровой приставки Xbox 360.pdf		57914010	F0068633
+	Секреты видеоигр для игровых приставок. Книга первая	20	Секреты видеоигр для игровых приставок. Книга первая.djvu		71124491	5EE922C8
-	Секреты видеоигр для игровых приставок. Книга первая		Sekrety_videoigr_dlya_igrovykh_pristavok_Kniga_p.djvu		16963552	0DAA423B
+	Секреты видеоигр для игровых приставок. Книга вторая	21	Секреты видеоигр для игровых приставок. Книга вторая.djvu		52799938	E4EDCAC5
-	Секреты видеоигр для игровых приставок. Greatest tips	22	Секреты видеоигр для игровых приставок. Свыше 1000 советов.djvu		20979205	3831FAF5
+	Секреты видеоигр для игровых приставок. Greatest tips		Sekrety_videoigr_dlya_igrovykh_pristavok_Svyshe_1.djvu		8989215	FFFFFFFFA15F0A00
+	Секреты Крутого Геймера №9 (Sega Mega Drive II)	97	Секреты Крутого Геймера №9. Sega MegaDrive II.pdf		81347366	17EC5357
-	Секреты Крутого Геймера №9 (Sega Mega Drive II)	98	Секреты Крутого Геймера №9. Sega MegaDrive II.djvu		97408210	22392687
-	СУПЕРЭнциклопедия 3DO. Выпуск 1	639	СУПЕРЭнциклопедия 3DO. Выпуск 1.cbr		532983608	ADDD8A7B
+	СУПЕРЭнциклопедия 3DO. Выпуск 1	640	СУПЕРЭнциклопедия 3DO. Выпуск 1.pdf		226237760	139A5014
+	Разработка компьютерных игр для приставки Xbox 360 в XNA Game Studio Express	730	Разработка компьютерных игр для приставки Xbox 360 в XNA Game Studio Express.pdf		14445468	3865C494
+	Программируем с Minecraft. Создай свой мир с помощью Python	743	Программируем с Minecraft. Создай свой мир с помощью Python.pdf		29853679	7E0280AC
+	Программируем с Minecraft. Создай свой мир с помощью Python	744	Программируем с Minecraft. Создай свой мир с помощью Python.7z		9099	3A252306
+	Программирование компьютерных игр под Windows в XNA Game Studio Express	731	Программирование компьютерных игр под Windows в XNA Game Studio Express.pdf		17911249	B4703B06
+	Популярные карточные игры	105	Популярные карточные игры.djvu		4919792	DE79387C
+	Официальный путеводитель по игре Diablo II	622	Официальный путеводитель по игре Diablo II.pdf		216934535	2863E0BF
+	Описание игровых и профессиональных программ	562	Описание игровых и профессиональных программ.pdf		23940466	4E0F2871
+	Описание игр. Том 1	224	Описание игр PlayStation. Том 1.pdf		134916153	2C5F526F
+	Описание игр компьютера ZX-SPECTRUM часть I	292	Описание игр компьютера ZX-SPECTRUM часть I.djvu		1717492	B652BA11
+	Описание игр для Panasonic 3DO '96	31	Описание игр для Panasonic 3DO '96.pdf		85337115	CAFF79CF
+	Описание игр ZX Spectrum часть II	221	Описание игр ZX-SPECTRUM часть II.djvu		1537261	BC48177D
+	Описание игр ZX Spectrum IV	267	Описание игр ZX Spectrum IV.djvu		3477507	80021B7A
-	Описание игр ZX Spectrum IV	344	Описание игр ZX Spectrum IV.7z		301442425	5482F75B
+	Описание 60+ игр для ZX Spectrum		GAMES.TXT		145325	BB5D09AD
+	Описание 42 игр для ZX Spectrum		GAMES3.TXT		93931	FBDA36ED
+	Описание 25 игр для ZX Spectrum		GAMES2.TXT		72652	154DA058
+	Описание 110 игр для ZX Spectrum	154	Описание 110 игр для ZX Spectrum.pdf		1028663	A586B369
+	Настольные игры	106	Настольные игры.djvu		7557410	D18BB937
+	Микрокалькуляторы в рассказах и играх	466	Микрокалькуляторы в рассказах и играх.djvu		14050854	685A447F
+	Микрокалькулятор, Ваш ход!	465	Микрокалькулятор, Ваш ход!.djvu		6979843	B5176FE8
+	Любительские телевизионные игры - второе издание	108	Любительские телевизионные игры - втрое издание.djvu		2095226	672BA68E
+	Любительские телевизионные игры	107	Любительские телевизионные игры.djvu		1341442	A9B945F6
+	Лучшие компьютерные игры. Выпуск 9	604	Лучшие компьютерные игры. Выпуск 9.djvu		20673601	905F2DAD
-	Лучшие компьютерные игры. Выпуск 9	605	Лучшие компьютерные игры. Выпуск 9.pdf		166538800	793A62C4
+	Лучшие компьютерные игры. Выпуск 8	602	Лучшие компьютерные игры. Выпуск 8.djvu		16604353	D48F777C
-	Лучшие компьютерные игры. Выпуск 8	603	Лучшие компьютерные игры. Выпуск 8.pdf		180625274	BD765F41
+	Лучшие компьютерные игры. Выпуск 7	600	Лучшие компьютерные игры. Выпуск 7.djvu		16644596	E18C971E
-	Лучшие компьютерные игры. Выпуск 7	601	Лучшие компьютерные игры. Выпуск 7.pdf		174923827	A9FEA46A
+	Лучшие компьютерные игры. Выпуск 6	598	Лучшие компьютерные игры. Выпуск 6.djvu		12992396	09743045
-	Лучшие компьютерные игры. Выпуск 6	599	Лучшие компьютерные игры. Выпуск 6.pdf		147886419	D378E711
+	Лучшие компьютерные игры. Выпуск 5	596	Лучшие компьютерные игры. Выпуск 5.djvu		65838472	465D5008
-	Лучшие компьютерные игры. Выпуск 5	597	Лучшие компьютерные игры. Выпуск 5.pdf		267144616	41FD9717
+	Лучшие компьютерные игры. Выпуск 4	594	Лучшие компьютерные игры. Выпуск 4.djvu		26984407	5660B909
-	Лучшие компьютерные игры. Выпуск 4	595	Лучшие компьютерные игры. Выпуск 4.pdf		102511477	3C1FBAB8
+	Лучшие компьютерные игры. Выпуск 3	592	Лучшие компьютерные игры. Выпуск 3.djvu		9417711	178A88A8
-	Лучшие компьютерные игры. Выпуск 3	593	Лучшие компьютерные игры. Выпуск 3.pdf		173512675	DA40DD62
+	Лучшие компьютерные игры. Выпуск 2	590	Лучшие компьютерные игры. Выпуск 2.djvu		25914917	E64CDD26
-	Лучшие компьютерные игры. Выпуск 2	591	Лучшие компьютерные игры. Выпуск 2.pdf		230783942	AC4603BF
+	Лучшие компьютерные игры. Выпуск 13	612	Лучшие компьютерные игры. Выпуск 13.djvu		28964576	9A106E96
-	Лучшие компьютерные игры. Выпуск 13	613	Лучшие компьютерные игры. Выпуск 13.pdf		171813529	25BE10B7
+	Лучшие компьютерные игры. Выпуск 12	610	Лучшие компьютерные игры. Выпуск 12.djvu		54007708	766E2418
-	Лучшие компьютерные игры. Выпуск 12	611	Лучшие компьютерные игры. Выпуск 12.pdf		212400300	03AF12F3
+	Лучшие компьютерные игры. Выпуск 11	608	Лучшие компьютерные игры. Выпуск 11.djvu		41490480	A8F39333
-	Лучшие компьютерные игры. Выпуск 11	609	Лучшие компьютерные игры. Выпуск 11.pdf		215894090	1D2F5483
+	Лучшие компьютерные игры. Выпуск 10	606	Лучшие компьютерные игры. Выпуск 10.djvu		12031785	82A36C91
-	Лучшие компьютерные игры. Выпуск 10	607	Лучшие компьютерные игры. Выпуск 10.pdf		186425274	12054F32
+	Лучшие компьютерные игры. Выпуск 1 (Мягкая обложка)	589	Лучшие компьютерные игры. Выпуск 1.pdf		94451815	DA82176C
+	Лучшие игры нового века. Фантастические приключения	250	Лучшие игры нового века. Фантастические приключения.pdf		29571230	0B40EFEA
+	Лучшие игры для ZX-Spectrum. Выпуск 5	120	Лучшие игры для ZX-Spectrum. Выпуск 5.djvu		7982640	AD5412BD
+	Лучшие игры для ZX-Spectrum. Выпуск 4	121	Лучшие игры для ZX-Spectrum. Выпуск 4.djvu		9037055	81E13B34
+	Лучшие игры для ZX-Spectrum. Выпуск 3	122	Лучшие игры для ZX-Spectrum. Выпуск 3.djvu		12216145	EEAC1AAA
+	Лучшие игры для ZX-Spectrum. Выпуск 2	124	Лучшие игры для ZX-Spectrum. Выпуск 2.djvu		14629249	EC40DAC9
+	Лучшие игры для ZX-Spectrum. Выпуск 1	125	Лучшие игры для ZX-Spectrum. Выпуск 1.djvu		6541494	AB69DF8D
-	Лучшие игры для ZX-Spectrum. Выпуск 1	533	Лучшие игры для ZX-Spectrum. Выпуск 1.cbr		18845791	677656D1
-	Лучшие игры для Sega Mega Drive. Полные описания. Том 1	29	Лучшие игры Sega Mega Drive. Том 1.cbr		28138619	586CAD3D
+	Лучшие игры для Sega Mega Drive. Полные описания. Том 1	746	Лучшие игры Sega Mega Drive. Том 1.djvu		15270288	714E7FF3
+	Лучшие игры для PlayStation. Стратегии (БС8)	27	PlayStation GOLD. Стратегии (2001).djvu		160651872	C681857B
+	Лучшие игры для PlayStation. Стратегии (2004)	339	PlayStation GOLD. Стратегии (2003).pdf		210588156	9A7BD0BB
+	Лучшие игры для PlayStation. Ролевые игры. (2004)	327	PlayStation GOLD. Ролевые игры.pdf		226314294	47733615
+	Лучшие игры для PlayStation. Приключения (2005)	232	PlayStation GOLD. Приключения (2005).pdf		241730800	75A354F4
+	Лучшие игры для PlayStation. Квесты (2004)	331	PlayStation GOLD. Квесты (2004).pdf		268142324	9902AB56
+	Лучшие игры для PlayStation. Квесты (2003)	35	PlayStation GOLD. Квесты (2003).pdf		91991590	3C8D1925
+	Лучшие игры для PlayStation. Волшебные игры (2005)	330	PlayStation GOLD. Волшебные игры (2005).pdf		236765501	F0452087
+	Лучшие игры для PlayStation. Военные игры (2004)	328	PlayStation GOLD. Военные игры (2004).pdf		222651193	D72146F2
+	Лучшие игры для PlayStation. 3D Action	334	PlayStation GOLD. 3D Action.pdf		173451426	08D6E0EB
-	Лучшие игры для IBM PC. Выпуск 1	748	Лучшие игры для IBM PC. Выпуск 1.pdf		56383149	8435BD07
+	Лучшие игры для IBM PC. Выпуск 1	749	Лучшие игры для IBM PC. Выпуск 1.djvu		37840054	71FDB288
+	Лучшие игры ZX-Spectrum. Выпуск 2-3	123	Лучшие игры ZX-Spectrum. Выпуск 2-3.djvu		11276069	633AF5C2
+	Лучшие игры ZX-Spectrum. Выпуск 1	119	Лучшие игры ZX-Spectrum. Выпуск 1.djvu		5283327	056EC9AB
+	Лучшие игры 2008-2009	338	Лучшие игры 2008-2009.pdf		17093557	82D3EAD4
+	Лабиринты. Иллюстрированное приложение к описанию игровый программ	269	Лабиринты.djvu		12996555	2538ADC9
+	Крутой мир №5 (Sega Mega Drive II)	84	Крутой Мир №5. Энциклопедия видеоигр Sega MegaDrive II.pdf		108056226	000D8891
+	Крутой мир №4 (3DO)	30	Крутой Мир №4. Энциклопедия видеоигр 3DO.djvu		27993935	9398CD8E
-	Крутой мир №4 (3DO)	100	Крутой Мир №4. Энциклопедия видеоигр 3DO.pdf		38843497	8D4C8AE6
+	Крутой мир №3 (Super Nintendo)		Энциклопедия видеоигр Крутой Мир #3 - Для телевизионных приставок Super Nintendo (Москва_1996).pdf		38518076	5B49D95D
-	Крутой мир №3 (Super Nintendo)		Крутой Мир №3 Super Nintendo.pdf		31949974	407E847E
-	Крутой мир №3 (Super Nintendo)	644	Крутой Мир №3. Энциклопедия видеоигр Super Nintendo.pdf		49409736	D9E9B5FB
-	Крутой мир №3 (Super Nintendo)	645	Крутой Мир №3. Энциклопедия видеоигр Super Nintendo.djvu		30868751	C57F7738
-	Крутой Геймер №7 (Sega MegaDrive II)	89	Крутой Геймер №7. Sega MegaDrive.djvu		63017343	2BB42AFE
+	Крутой Геймер №7 (Sega MegaDrive II)	413	Крутой Геймер №7. Sega MegaDrive.pdf		32710667	25F59F45
-	Крутой Геймер №6 (Sega MegaDrive II)	86	Крутой Геймер №6. Sega MegaDrive.pdf		42941666	6B38640E
-	Крутой Геймер №6 (Sega MegaDrive II)	87	Крутой Геймер №6. Sega MegaDrive.djvu		31210736	0E239B8D
+	Крутой Геймер №6 (Sega MegaDrive II)		Крутой геймер №6.djvu		28743619	D853F4FB
+	Компьютерные миры ZX Spectrum. Сборник описаний игровых программ. Выпуск 2	126	Компьютерные миры ZX Spectrum. Выпуск 2.djvu		2378609	EC5CE7DE
-	Компьютерные миры ZX Spectrum. Сборник описаний игровых программ. Выпуск 2	567	Компьютерные миры ZX Spectrum. Выпуск 2.pdf		2463080	722AB33D
+	Компьютерные миры ZX Spectrum. Сборник описаний игровых программ. Выпуск 1	127	Компьютерные миры ZX Spectrum. Выпуск 1.djvu		4902471	A1DE9B52
-	Компьютерные миры ZX Spectrum. Сборник описаний игровых программ. Выпуск 1	535	Компьютерные миры ZX Spectrum. Выпуск 1.cbr		16203682	A88032BA
+	Компьютерные игры: как это делается	623	Компьютерные игры - как это делается.chm		5717847	5781BFBF
+	Компьютерные игры. Описания, пароли, коды. 16 бит SEGA. 8 бит Dendy	290	Компьютерные игры. 16 бит SEGA. 8 бит Dendy.djvu		1233571	8AD0FEE1
+	Компьютерные игры. Выпуск 9	316	Компьютерные игры. Выпуск 9.djvu		8809388	78DDC189
-	Компьютерные игры. Выпуск 9	375	Компьютерные игры. Выпуск 9.pdf		127038756	719C6F9D
+	Компьютерные игры. Выпуск 8	320	Компьютерные игры. Выпуск 8.djvu		14191523	DF8828BC
-	Компьютерные игры. Выпуск 8	374	Компьютерные игры. Выпуск 8.pdf		145468340	B9BC949F
+	Компьютерные игры. Выпуск 7	317	Компьютерные игры. Выпуск 7.djvu		9288578	6597D927
-	Компьютерные игры. Выпуск 7	373	Компьютерные игры. Выпуск 7.pdf		121395974	A3F8E3EB
+	Компьютерные игры. Выпуск 6	312	Компьютерные игры. Выпуск 6.djvu		9075170	C712190B
-	Компьютерные игры. Выпуск 6	372	Компьютерные игры. Выпуск 6.pdf		96523302	5377F59F
+	Компьютерные игры. Выпуск 5	319	Компьютерные игры. Выпуск 5.djvu		10083402	0FD003ED
-	Компьютерные игры. Выпуск 5	371	Компьютерные игры. Выпуск 5.pdf		87775708	59128356
+	Компьютерные игры. Выпуск 4	321	Компьютерные игры. Выпуск 4.djvu		6761057	D027F1FB
-	Компьютерные игры. Выпуск 4	370	Компьютерные игры. Выпуск 4.pdf		72071101	CDC4925C
+	Компьютерные игры. Выпуск 3	314	Компьютерные игры. Выпуск 3.djvu		4783261	DC3E0D10
-	Компьютерные игры. Выпуск 3	369	Компьютерные игры. Выпуск 3.pdf		67215774	D9E7C0FA
+	Компьютерные игры. Выпуск 12	587	Компьютерные игры. Выпуск 12.pdf		24320540	4655BEE6
+	Компьютерные игры. Выпуск 11	586	Компьютерные игры. Выпуск 11.pdf		22483619	87A4F2BF
+	Компьютерные игры. Выпуск 10	285	Компьютерные игры. Выпуск 10.pdf		28073264	5827EC26
+	Компьютерные игры для видеоприставок	452	Компьютерные игры для видеоприставок.djvu		4673829	56341517
+	Компьютерные игры для IBM PC '93-'94. Сборник 3	580	Компьютерные игры для IBM PC 93-94. Сборник 3.cbr		244378475	76F4CA92
+	Компьютерные игры для IBM PC '92-'93	313	Компьютерные игры для IBM PC 1992-1993 г.г..djvu		13788362	FC4DE4D6
-	Компьютерные игры для IBM PC '92-'93	367	Компьютерные игры для IBM PC 1992-1993 г.г..pdf		102912232	1D345BDB
+	Компьютерные игры ZX-Spectrum. Книга первая	128	Компьютерные игры ZX-Spectrum. Книга первая.djvu		12481088	0AD582A5
-	Коллекция Крутого Геймера №10 (Dendy)	77	Коллекция Крутого Геймера №10. Dendy.pdf		404354847	454A9BD5
+	Коллекция Крутого Геймера №10 (Dendy)	78	Коллекция Крутого Геймера №10. Dendy.djvu		168885431	FE103DC3
+	Каталог продукции фирмы Dendy	79	Каталог продукции фирмы Dendy.cbr		16714909	9DE63499
+	Каталог программного обеспечения бытовых персональных компьютеров ZX-SPECTRUM и совместимых	537	Каталог программного обеспечения бытовых персональных компьютеров ZX-SPECTRUM и совместимых.cbr		11919721	20061478
+	Каталог программного обеспечения ZX Spectrum	536	Каталог программного обеспечения ZX Spectrum.cbr		4134276	F851DCBE
+	Каталог программ для ПЭВМ "СИНКЛЕР-СПЕКТРУМ" 48К	538	Каталог программ для ПЭВМ СИНКЛЕР-СПЕКТРУМ 48К.cbr		2546411	79A4E2A3
+	Каталог Sega & 3DO	425	Каталог SEGA & 3DO.pdf		21277038	93033CCE
-	Каталог Sega & 3DO		Каталог Sega & 3DO.pdf		69271535	D9C52B67
+	Каталог SEGA'96	294	Каталог SEGA'96. Выпуск 2.pdf		41335198	837EB66B
+	Каталог SEGA хит-обзор'95	333	Каталог SEGA. Хит-обзор'95.pdf		14087936	0D83E51D
-	Каталог SEGA хит-обзор'95		sega_95.pdf		40907763	0F9AEE29
+	Каталог Panasonic 3DO, PlayStation	542	Каталог Panasonic 3DO, PlayStation.pdf		12008140	0BC7E233
-	Каталог Panasonic 3DO, PlayStation	625	Каталог Panasonic 3DO, PlayStation.cbr		17391874	5BFFF25E
+	Каталог Panasonic 3DO	33	Каталог Panasonic 3DO.cbr		20641692	F8E1BCF4
+	Как написать игру на ассемблере для ZX Spectrum	564	Как написать игру ZX Spectrum на ассемблере. Выпуск 2.zip		520059	52AC67F1
+	Как написать игру для ZX Spectrum	566	Как написать игру ZX Spectrum.pdf		1338452	C5CD5603
+	История Синклера (The Sinclair Story)	541	История Синклера (The Sinclair Story).pdf		5337574	A2BAA9D3
+	Игры с микро-ЭВМ	464	Игры с микро-ЭВМ.djvu		3678586	DD63A5ED
+	Игры на персональном компьютере, выпуск 1	245	Видео-АСС Компьютерные игры.cbr		25407796	BC1F8284
-	Игры на Бейсике своими руками (Сборник программ с комментариями) (1994)	528	Игры на Бейсике своими руками (1994).djvu		2376178	68F8B076
-	Игры на Бейсике своими руками (Сборник программ с комментариями) (1994)	529	Игры на Бейсике своими руками (1994).zip		4914049	7B42F82E
+	Игры на Бейсике своими руками (Сборник программ с комментариями) (1994)	530	Игры на Бейсике своими руками (1994).pdf		1304882	6FE50F9D
+	Игры и автоматы	102	Игры и автоматы.djvu		1872604	DC12A984
+	Игры для видеоприставок. Выпуск 1	341	Игры для видеоприставок. Выпуск 1.pdf		83511073	052BBC0B
+	Игровые программы. Описание программного обеспечения	129	Игровые программы. Описание программного обеспечения.djvu		1176580	C2C9A978
+	Игровые приставки. DENDY [NES], GAME BOY, SEGA MEGA DRIVE, SONY PLAYSTATION. (Ремонт и обслуживание; Вып. 21)	36	Игровые приставки. Ремонт и обслуживание.djvu		7916953	81A8B885
+	Золотые игры IBM PC	296	Золотые игры IBM PC.pdf		20430380	9A0DDFC7
+	Домашняя мастерская радиолюбителя. Выпуск 4. Игровые приставки		DMR_-_Consoles.iso		378168672	E3719C13
-	Домашняя мастерская радиолюбителя. Выпуск 4. Игровые приставки	652	Домашняя мастерская радиолюбителя. Выпуск 4. Игровые приставки.rar		13079092	27C7D925
+	Го. Рэндзю	109	Го. Рэндзю.pdf		26939373	5A2E4E1C
+	Вселенная игр Game Boy Advance	632	Вселенная игр Game Boy Advance.pdf		55862810	A3DE0D76
+	Волшебный мир 3DO. Описание игр. Выпуск №2	47	Волшебный мир 3DO. Описание игр. Выпуск №2.pdf		127768055	0814C943
+	Волшебный мир 3DO. Описание игр. Выпуск №1	48	Волшебный мир 3DO. Описание игр. Выпуск №1.pdf		75581583	654EBBA6
+	Видеоигры №1, 1994 г.	457	Видеоигры.cbr		7977475	7D11FA39
+	Вечная жизнь в 131 игре к ZX-Spectrum	247	Вечная жизнь в 131 игре к ZX-Spectrum.djvu		193460	3E6EA555
+	Бейсик для всех. Практическое пособие начинающему пользователю IBM PC	40	Бейсик для всех.djvu		2837970	5BBC40C9
+	ZX Spectrum. Подробные описания игр. Сборник 3	115	Подробные описания игр ZX Spectrum. Сборник 3.djvu		4467491	E76EED38
+	ZX Spectrum. Подробные описания игр. Сборник 2	116	Подробные описания игр ZX Spectrum. Сборник 2.djvu		1654724	6FF72FEE
+	ZX Spectrum. Подробные описания игр. Сборник 1	117	Подробные описания игр ZX Spectrum. Сборник 1.djvu		2623329	84E7E979
+	ZX + ещё	539	ZX + ещё.djvu		7532268	354D9DCD
-	ZX + ещё	540	ZX + ещё.cbr		5160747	9CCE0F77
+	Ultimate Troubleshoot & Repair Guide for Playstation 2	25	Ultimate Troubleshoot & Repair Guide for Playstation 2.rar		73169701	A9839C01
+	Tricks ZX - более 1400 игр ZX Spectrum	130	Tricks ZX. Более 1400 игр ZX Spectrum.djvu		1824253	E799186B
-	Tricks ZX - более 1400 игр ZX Spectrum	531	Tricks ZX. Более 1400 игр ZX Spectrum.cbr		7998916	A9BA73C1
+	TRICKS Sega Том 1	283	Tricks SEGA. Том 1. 500 игр.djvu		9066507	F9FFFBE6
+	TRICKS Sega Gold 800 игр	60	Tricks SEGA. 800 игр. 4000 кодов, паролей, секретов.djvu		10891721	8CCC23BE
+	TRICKS PSX Том 4	295	TRICKS PSX. Том 4. 265 игр.djvu		4056075	D5F35FCA
+	TRICKS Gold 2(7)	231	TRICKS Gold 2(7).pdf		100054475	170509A3
-	TRICKS Gold 2(7)	446	TRICKS Gold 2(7).jpg		231628	5AF0E4AF
+	TRICKS 3DO Том 1	406	Tricks 3DO. Более 120 игр - описания, пароли, коды, секреты.pdf		36851943	E634E66F
-	TRICKS 3DO Том 1	407	Tricks 3DO. Более 120 игр - описания, пароли, коды, секреты.cbr		33542278	A14F900B
-	TRICKS 3DO Том 1	637	Tricks 3DO. Более 120 игр - описания, пароли, коды, секреты.chm		34269030	60C35104
+	Spectrofon. Игровые программы Серия: Joker. Выпуск 2	534	Spectrofon. Игровые программы Серия Joker. Выпуск 2.cbr		15915474	4FF5B72E
+	Simba's Описание видеоигр. Том 6	234	Simba's Описание видеоигр. Том 6.pdf		57423054	A6091428
+	SEGA MEGA DRIVE Review 2 (Sega Mega Drive II)	336	Sega Mega Drive Review-2.pdf		49433206	184B070F
-	SEGA MEGA DRIVE Review (Sega Mega Drive II)	42	Sega Mega Drive Review.djvu		10140868	79F9A6BC
+	SEGA MEGA DRIVE Review (Sega Mega Drive II)		Sega_Mega_Drive_Review.djvu		4109851	229DB458
+	Quake. Путеводитель	786	Quake. Путеводитель.pdf		8990720	7E9510A3
+	Programming The Nintendo Game Boy Advance: The Unofficial Guide	740	Programming The Nintendo Game Boy Advance - The Unofficial Guide.pdf		30880762	45B5E13A
-	Programming The Nintendo Game Boy Advance: The Unofficial Guide	742	Programming The Nintendo Game Boy Advance - The Unofficial Guide.7z		47320432	BD603CA5
+	PlayStation от А до Я (секреты, пароли, подсказки)	635	PlayStation от А до Я (секреты, пароли, подсказки).cbr		65545774	A2BFE095
+	PlayStation Underground 2002 1(22)	458	PlayStation Underground 2002 #1(22).cbr		205056800	EA840BD6
-	PlayStation Underground 2000 6(14)	246	PlayStation Underground 2000 #6(14).djvu		9701687	ACB59388
+	PlayStation Underground 2000 6(14)		PlayStation Underground 6(14)2000.djvu		4352789	FFFFFFFF9A2F5AA8
+	PlayStation Underground 2000 5(13)	158	PlayStation Underground 2000 #5(13).djvu		7737997	5B696378
+	PlayStation Underground 2000 0(8)	454	PlayStation Underground 2000 #0(8).pdf		28166769	CCB54580
+	PLAY 2001 25	326	PLAY 2001 25.pdf		116141530	708EA9EA
+	PLAY 2000 13	272	PLAY 2000 13.djvu		24565642	B57697EB
-	PLAY 2000 13	273	PLAY 2000 13.pdf		127113445	8E0BF533
+	PLAY 1999 5	37	PLAY 1999 5.pdf		143363515	E749CEA1
+	PC GAMES - компьютерные игры IBM PC выпуск 1	222	PC GAME I. Описание компьютерных игр для IBM PC.djvu		14492965	0333164B
-	PC GAMES - компьютерные игры IBM PC выпуск 1	223	PC GAME I. Описание компьютерных игр для IBM PC.pdf		85950316	EF72214A
+	Myst. Путеводитель	50	Myst. Официальное стратегическое руководство.pdf		116807301	72EDE4AD
-	Mortal Kombat 3. Выпуск 5	218	Mortal Kombat 3 (TRICKS).pdf		56083340	4F3F2331
+	Mortal Kombat 3. Выпуск 5	348	Mortal Kombat 3 (TRICKS).djvu		1087557	0535D384
+	Mortal Kombat 3	340	Mortal Kombat 3.pdf		10447944	B3AD090A
+	Mortal Kombat 3	239	Mortal Kombat 3 - Специальные удары и приемы всех героев знаменитого мордобоя.pdf		7038285	F92E5B61
-	Mortal Kombat 3	349	Mortal Kombat 3 - Специальные удары и приемы всех героев знаменитого мордобоя.cbr		5549600	A924D805
+	Mortal Kombat 1-3. Выпуск 1	241	Mortal Kombat 1-3.djvu		3388602	A13DF1DE
-	Mortal Kombat 1-3. Выпуск 1		Tricks - Mortal Kombat 1-3.djvu		3635580	FFFFFFFFE1A58FBD
+	Hexen Beyond Heretic. Путеводитель	747	Hexen. Beyond Heretic. Путеводитель.pdf		8210967	866600C2
+	Dreamcast. The Big Book of Codes	52	Big Book of Codes Dreamcast, The.pdf		2575551	461C95BE
-	DreamArena Gold #4	53	DreamArena Gold #4. Более 1000 кодов.pdf		70132994	34858537
-	DreamArena Gold #4		!Dream@Arena Gold 2002.pdf		114015519	16199207
+	DreamArena Gold #4	648	DreamArena Gold #4. Более 1000 кодов.djvu		58009005	0C90609E
-	DreamArena Gold #1	279	DreamArena Gold #1. Более 1000 кодов.pdf		158750347	26B35359
+	DreamArena Gold #1		!Dream@Arena Gold 2001.pdf		125451409	2DD442B4
+	DreamArena #4	236	DreamArena #4. Dreamcast от A до Я. Более 320 игр.djvu		12626275	0618D79A
+	DOOM Final. Путеводитель	788	DOOM Final. Путеводитель.pdf		6933151	D708403C
+	DOOM Battlebook. Путеводитель	787	DOOM Battlebook. Путеводитель.pdf		7644333	7505F231
+	DOOM 2. Путеводитель	789	DOOM 2. Путеводитель.pdf		7903310	EB1895FF
+	BONZA-картридж руководство по эксплуатации	80	BONZA-картридж. Руководство по эксплуатации.7z		12832449	352CC4BF
+	Adventure - игровые приключенческие программы. Выпуск 1	141	Adventure. Игровые приключенческие программы. Выпуск 1.djvu		2369591	F552DFAC
-	Adventure - игровые приключенческие программы. Выпуск 1	532	Adventure. Игровые приключенческие программы. Выпуск 1.cbr		11008045	C9FEC724
+	90 игр для 3DO	101	90 игр для 3DO.pdf		204153888	09E592A1
+	777 лучших игр для Dendy 2003 год	64	777 игр Dendy (2003).pdf		42364280	54EC1A3F
+	770 лучших игр для Dendy	62	770 игр Dendy.djvu		14906300	D84D7C49
+	750 игр для "Денди"	289	750 игр для Денди.djvu		3583083	24CC3572
-	750 игр для "Денди"		750 игр для Денди.djvu		6601843	73AE86E1
-	740 игр для Sega Mega Drive II (Genesis)	93	740 игр SEGA.cbr		191772718	A11C0D03
-	740 игр для Sega Mega Drive II (Genesis)	94	740 игр SEGA.rar		550886406	CD783C0F
+	740 игр для Sega Mega Drive II (Genesis)	95	740 игр SEGA.djvu		56454702	0C65BD38
+	727 лучших игр для телевизионных видеоприставок Sega	63	727 игр SEGA.djvu		3657520	F432418B
+	72 игры для Sega MegaDrive	73	72 игры для SEGA MegaDrive.djvu		3534313	5F740757
+	660 игр Sega	335	660 игр SEGA.pdf		64059417	C803DEA5
+	600 игр для ZX Spectrum. Сборник описаний игровых программ	142	600 игр ZX Spectrum.djvu		41948570	D9DCF406
-	550 лучших игр для телевизионных видеоприставок Dendy	66	550 игр Dendy.pdf		38827038	1BC8CE1B
+	550 лучших игр для телевизионных видеоприставок Dendy	750	550 игр Dendy.djvu		35896783	D7022C7B
+	52 игры для Sega MegaDrive	1	52 игры для SEGA MegaDrive.djvu		2981441	9D79A75E
+	500 компьютерных игр. Выпуск 5	152	500 игр ZX Spectrum. Выпуск 5.djvu		6224842	B2F7988E
+	500 компьютерных игр. Выпуск 4	153	500 игр ZX Spectrum. Выпуск 4.djvu		9658503	A1E10BAE
+	500 компьютерных игр. Выпуск 3	118	500 игр ZX Spectrum. Выпуск 3.djvu		13854876	E74174FE
+	500 компьютерных игр. Выпуск 2	111	500 игр ZX Spectrum. Выпуск 2.djvu		12220717	246B1D53
+	500 компьютерных игр. Выпуск 1	110	500 игр ZX Spectrum. Выпуск 1.djvu		13777720	B575DF46
+	500 игр. Выпуск 8	143	500 игр. Выпуск 8.djvu		10870003	BD85A2CF
+	500 игр. Выпуск 7	144	500 игр. Выпуск 7.djvu		23873782	5C50AC13
+	500 игр. Выпуск 6	145	500 игр. Выпуск 6.djvu		10873555	4C32518E
+	500 игр. Выпуск 5	146	500 игр. Выпуск 5.djvu		10570253	8C38D7BE
+	500 игр. Выпуск 4	147	500 игр. Выпуск 4.djvu		22174742	F8C0B84E
-	500 игр. Выпуск 4		500_игр_(4).djvu		11464888	5D26AAE7
+	500 игр. Выпуск 3	148	500 игр. Выпуск 3.djvu		19531590	278A0B0A
-	500 игр. Выпуск 3		500_игр_(3).djvu		10899330	B5E4C7C8
+	500 игр. Выпуск 2	149	500 игр. Выпуск 2.djvu		16419101	BC924FC4
-	500 игр. Выпуск 2		500_игр_(2).djvu		10643063	54FF083F
+	500 игр. Выпуск 1	150	500 игр. Выпуск 1.djvu		13665416	C7D60BE5
-	500 игр. Выпуск 1		500_игр_(1).djvu		7479305	BE8E7CFB
+	500 игр для 32-битных приставок PlayStation	219	500 игр для PlayStation.djvu		3844852	E45C7A6E
-	500 игр для 32-битных приставок PlayStation		500 игр для PlayStation.djvu		3465997	0220FEA8
+	500 игр ZX Spectrum. Выпуск 2	151	500 игр ZX Spectrum. Выпуск 2 (МиР).djvu		6566849	41DF54A7
+	50 компьютерных игр. Выпуск 2	315	50 компьютерных игр. Выпуск 2 (Аквариум).djvu		3531633	40984B0E
-	50 компьютерных игр. Выпуск 2	366	50 компьютерных игр. Выпуск 2 (Аквариум).pdf		34951442	93AF02B0
+	50 компьютерных игр. Выпуск 1	318	50 компьютерных игр. Выпуск 1 (Аквариум).djvu		3384966	04089F51
-	50 компьютерных игр. Выпуск 1	365	50 компьютерных игр. Выпуск 1 (Аквариум).pdf		31431297	44690A09
-	50 компьютерных игр (Поиск). Выпуск 2	782	50 компьютерных игр. Выпуск 2 (ОСТ).pdf		26368775	32F1270D
+	50 компьютерных игр (Поиск). Выпуск 2	783	50 компьютерных игр. Выпуск 2 (ОСТ).djvu		6575015	08D44C14
-	50 компьютерных игр (Поиск)	778	50 компьютерных игр. Выпуск 1 (ОСТ).pdf		18283193	8C8DA06B
+	50 компьютерных игр (Поиск)	779	50 компьютерных игр. Выпуск 1 (ОСТ).djvu		4624181	0DDBA0CA
+	50 игр для 3DO	10	50 игр для 3DO.pdf		69895105	8EA47F61
+	50 игр Sega. Выпуск 2	157	50 игр SEGA. Выпуск 2.djvu		532054	82DCD58E
+	50 игр Sega. Выпуск 1	162	50 игр SEGA. Выпуск 1.djvu		149312	90FAB9F3
+	450 игр для Dendy	65	450 игр Dendy.djvu		4632196	5B516F08
+	40 игр для 3DO - пароли, коды, секреты. Часть 2 - от S до Z	642	40 игр для 3DO. Часть 2. От S до Z.pdf		56018949	715FE7B6
+	350 лучших игр для IBM PC	206	350 игр для IBM PC.djvu		6819128	EACDDC3B
-	350 лучших игр для IBM PC	368	350 игр для IBM PC.pdf		126908102	C166F720
+	350 игр SEGA	325	350 игр SEGA.pdf		43139273	63E5D0C6
+	332 игры для 32-битной приставки PlayStation	278	332 игры для PlayStation (стр.83-140).djvu		947227	4B6CAC21
+	330 лучших игр для телевизионных видеоприставок Sega. Выпуск №4	229	330 игр SEGA. Выпуск №4.djvu		2912563	FC9B9C63
+	300 игр для Dendy - советы, подсказки,секреты...	74	300 игр для Dendy.pdf		27080223	3D1388CC
+	30 игр 3DO	631	30 игр 3DO.pdf		13381689	58D6DCDD
-	30 игр 3DO	641	30 игр 3DO.cbr		736578	5A428224
+	280 игр для 32-битных приставок PlayStation	67	280 игр для PlayStation.djvu		21423187	7592B806
+	260 лучших игр для телевизионных видеоприставок Sega. Выпуск №3	68	260 игр SEGA. Выпуск №3.djvu		10301459	0F9F8E7E
+	220 лучших игр для телевизионных видеоприставок Sega. Выпуск №2	332	220 игр SEGA. Выпуск №2.pdf		43076859	02B63A03
+	192 игры для 8-битных приставок	634	192 игры для 8-битных приставок Dendy.cbr		38803623	8B439C3D
-	192 игры для 8-битных приставок	745	192 игры для 8-битных приставок Dendy.djvu		58430175	AB2114EB
+	173 игры для SNES	230	173 игры для SNES.djvu		2110566	881EF543
+	1700 игр для Sega (2003)	57	1700 игр SEGA.djvu		54461127	ABACCD01
+	130 игр для Sega	70	130 игр для SEGA.djvu		12376131	FFCBC29C
+	12 игр для 3DO	12	12 игр для 3DO.pdf		128561256	C5FBAD66
+	112 игр для Dendy	71	112 игр Dendy.djvu		1608265	6E321361
-	112 игр для Dendy	629	112 игр Dendy.pdf		157271044	8969C01C
-	112 игр для Dendy		112 ighr dlia Dendy - Nieizviestnyi.pdf		102867102	6D7B0C09
+	1001 игра для Sega	58	1001 игра SEGA.djvu		28319645	67BCBE17
+	1000 игр для Sega	75	1000 игр SEGA.pdf		94802706	D309AA95
+	100 игр Dendy. Выпуск 1	72	100 игр Dendy. Выпуск 1.djvu		6478477	F86E8B06
